{"_wandb":{"runtime":166},"_timestamp":1.7629000742814562e+09,"_step":600,"avg_loss":0.17671114257014592,"_runtime":166,"duration":107,"epsilon":0.01,"episode":599,"reward":107,"test_durations":{"values":[1,0,0,0,0,0,0,0,0,0,0,0,0,0,0,0,0,0,0,0,0,0,0,0,0,0,0,0,0,0,0,0,0,0,0,0,0,0,0,0,0,0,0,0,0,0,0,0,0,0,0,0,1,9,12,6,7,21,7,13,9,7,6,1],"bins":[20,21.640625,23.28125,24.921875,26.5625,28.203125,29.84375,31.484375,33.125,34.765625,36.40625,38.046875,39.6875,41.328125,42.96875,44.609375,46.25,47.890625,49.53125,51.171875,52.8125,54.453125,56.09375,57.734375,59.375,61.015625,62.65625,64.296875,65.9375,67.578125,69.21875,70.859375,72.5,74.140625,75.78125,77.421875,79.0625,80.703125,82.34375,83.984375,85.625,87.265625,88.90625,90.546875,92.1875,93.828125,95.46875,97.109375,98.75,100.390625,102.03125,103.671875,105.3125,106.953125,108.59375,110.234375,111.875,113.515625,115.15625,116.796875,118.4375,120.078125,121.71875,123.359375,125],"_type":"histogram"}}