{"_timestamp":1.762899766975374e+09,"_step":600,"_runtime":149,"duration":172,"epsilon":0.01,"test_durations":{"bins":[158,158.625,159.25,159.875,160.5,161.125,161.75,162.375,163,163.625,164.25,164.875,165.5,166.125,166.75,167.375,168,168.625,169.25,169.875,170.5,171.125,171.75,172.375,173,173.625,174.25,174.875,175.5,176.125,176.75,177.375,178,178.625,179.25,179.875,180.5,181.125,181.75,182.375,183,183.625,184.25,184.875,185.5,186.125,186.75,187.375,188,188.625,189.25,189.875,190.5,191.125,191.75,192.375,193,193.625,194.25,194.875,195.5,196.125,196.75,197.375,198],"_type":"histogram","values":[2,0,0,1,4,0,0,0,2,3,0,1,6,0,1,0,2,3,0,5,9,0,2,0,2,5,0,5,8,0,5,0,5,2,0,2,1,0,2,0,3,2,0,4,7,0,0,0,0,0,0,1,2,0,0,0,1,0,0,0,1,0,0,1]},"reward":172,"episode":599,"_wandb":{"runtime":149},"avg_loss":0.23146337705365178}