{"_timestamp":1.7629081736926324e+09,"reward":9,"_runtime":7,"episode":99,"test_durations":{"bins":[8,8.046875,8.09375,8.140625,8.1875,8.234375,8.28125,8.328125,8.375,8.421875,8.46875,8.515625,8.5625,8.609375,8.65625,8.703125,8.75,8.796875,8.84375,8.890625,8.9375,8.984375,9.03125,9.078125,9.125,9.171875,9.21875,9.265625,9.3125,9.359375,9.40625,9.453125,9.5,9.546875,9.59375,9.640625,9.6875,9.734375,9.78125,9.828125,9.875,9.921875,9.96875,10.015625,10.0625,10.109375,10.15625,10.203125,10.25,10.296875,10.34375,10.390625,10.4375,10.484375,10.53125,10.578125,10.625,10.671875,10.71875,10.765625,10.8125,10.859375,10.90625,10.953125,11],"_type":"histogram","values":[11,0,0,0,0,0,0,0,0,0,0,0,0,0,0,0,0,0,0,0,0,45,0,0,0,0,0,0,0,0,0,0,0,0,0,0,0,0,0,0,0,0,40,0,0,0,0,0,0,0,0,0,0,0,0,0,0,0,0,0,0,0,0,4]},"_wandb":{"runtime":7},"epsilon":0.36972963764972655,"_step":100,"avg_loss":134.85471937391492,"duration":9}