{"epsilon":0.050001500303263856,"avg_loss":0.23511163620147066,"episode":1499,"_timestamp":1.7629009294623609e+09,"reward":-142,"test_durations":{"bins":[84,85.8125,87.625,89.4375,91.25,93.0625,94.875,96.6875,98.5,100.3125,102.125,103.9375,105.75,107.5625,109.375,111.1875,113,114.8125,116.625,118.4375,120.25,122.0625,123.875,125.6875,127.5,129.3125,131.125,132.9375,134.75,136.5625,138.375,140.1875,142,143.8125,145.625,147.4375,149.25,151.0625,152.875,154.6875,156.5,158.3125,160.125,161.9375,163.75,165.5625,167.375,169.1875,171,172.8125,174.625,176.4375,178.25,180.0625,181.875,183.6875,185.5,187.3125,189.125,190.9375,192.75,194.5625,196.375,198.1875,200],"_type":"histogram","values":[8,5,7,6,3,1,0,3,0,3,0,0,0,1,0,0,0,0,0,0,0,0,0,0,0,0,0,0,0,0,6,0,8,4,0,3,0,0,4,3,2,0,0,0,0,1,0,0,2,0,0,0,0,0,3,0,0,0,0,0,0,0,0,27]},"_wandb":{"runtime":804},"_runtime":804,"_step":1500,"duration":142}