{"duration":200,"test_std_duration":0,"test_durations_histogram":{"_type":"histogram","values":[0,0,0,0,0,0,0,0,0,0,0,0,0,0,0,0,0,0,0,0,0,0,0,0,0,0,0,0,0,0,0,0,100,0,0,0,0,0,0,0,0,0,0,0,0,0,0,0,0,0,0,0,0,0,0,0,0,0,0,0,0,0,0,0],"bins":[199.5,199.515625,199.53125,199.546875,199.5625,199.578125,199.59375,199.609375,199.625,199.640625,199.65625,199.671875,199.6875,199.703125,199.71875,199.734375,199.75,199.765625,199.78125,199.796875,199.8125,199.828125,199.84375,199.859375,199.875,199.890625,199.90625,199.921875,199.9375,199.953125,199.96875,199.984375,200,200.015625,200.03125,200.046875,200.0625,200.078125,200.09375,200.109375,200.125,200.140625,200.15625,200.171875,200.1875,200.203125,200.21875,200.234375,200.25,200.265625,200.28125,200.296875,200.3125,200.328125,200.34375,200.359375,200.375,200.390625,200.40625,200.421875,200.4375,200.453125,200.46875,200.484375,200.5]},"avg_loss":0.2523778661340475,"episode":999,"test_avg_duration":200,"_timestamp":1.7629124041846454e+09,"reward":-127.33205588401721,"_wandb":{"runtime":615},"_runtime":615,"epsilon":0.02,"_step":1000}