{"_step":772,"episode":772,"duration":200,"_runtime":437,"epsilon":0.05123178210247486,"reward":-200,"_timestamp":1.762903176064224e+09,"avg_loss":0.14533448521979153,"_wandb":{"runtime":437}}