{"_wandb":{"runtime":522},"duration":200,"_runtime":522,"reward":-200,"_step":799,"episode":799,"avg_loss":0.17952159239757748,"_timestamp":1.7629037844593682e+09,"epsilon":0.0003543174151192264}