{"test_durations_histogram":{"_type":"histogram","values":[16,12,22,0,0,0,0,0,2,3,0,0,0,0,0,0,0,0,0,0,0,0,0,0,0,0,0,0,0,0,0,0,0,0,0,0,0,0,0,0,0,0,0,32,1,3,0,2,1,1,0,0,0,0,0,0,0,0,0,0,0,0,0,5],"bins":[108,109.4375,110.875,112.3125,113.75,115.1875,116.625,118.0625,119.5,120.9375,122.375,123.8125,125.25,126.6875,128.125,129.5625,131,132.4375,133.875,135.3125,136.75,138.1875,139.625,141.0625,142.5,143.9375,145.375,146.8125,148.25,149.6875,151.125,152.5625,154,155.4375,156.875,158.3125,159.75,161.1875,162.625,164.0625,165.5,166.9375,168.375,169.8125,171.25,172.6875,174.125,175.5625,177,178.4375,179.875,181.3125,182.75,184.1875,185.625,187.0625,188.5,189.9375,191.375,192.8125,194.25,195.6875,197.125,198.5625,200]},"_wandb":{"runtime":429},"avg_loss":0.1323687473204336,"epsilon":0.006653968578831948,"_step":1000,"test_avg_duration":139.7,"_runtime":429,"test_std_duration":32.31733281073796,"episode":999,"reward":-200,"duration":200,"_timestamp":1.7629743529652202e+09}