{"reward":128,"duration":128,"episode":599,"epsilon":0.04,"_runtime":255,"_step":600,"avg_loss":0.07281576752575347,"_timestamp":1.7629057537965288e+09,"_wandb":{"runtime":255},"test_durations":{"values":[5,15,8,12,4,3,3,3,1,4,0,1,3,5,2,2,2,5,8,4,4,2,1,1,0,0,1,0,0,0,0,0,0,0,0,0,0,0,0,0,0,0,0,0,0,0,0,0,0,0,0,0,0,0,0,0,0,0,0,0,0,0,0,1],"bins":[143,145.546875,148.09375,150.640625,153.1875,155.734375,158.28125,160.828125,163.375,165.921875,168.46875,171.015625,173.5625,176.109375,178.65625,181.203125,183.75,186.296875,188.84375,191.390625,193.9375,196.484375,199.03125,201.578125,204.125,206.671875,209.21875,211.765625,214.3125,216.859375,219.40625,221.953125,224.5,227.046875,229.59375,232.140625,234.6875,237.234375,239.78125,242.328125,244.875,247.421875,249.96875,252.515625,255.0625,257.609375,260.15625,262.703125,265.25,267.796875,270.34375,272.890625,275.4375,277.984375,280.53125,283.078125,285.625,288.171875,290.71875,293.265625,295.8125,298.359375,300.90625,303.453125,306],"_type":"histogram"}}