{"test_std_duration":22.3430951302634,"test_avg_duration":190.19,"_timestamp":1.7629703161488538e+09,"_wandb":{"runtime":930},"_runtime":930,"reward":-200,"duration":200,"test_durations_histogram":{"_type":"histogram","values":[16,0,0,0,0,0,0,0,0,0,0,0,0,0,0,0,0,0,0,0,0,0,0,0,0,0,0,0,0,0,0,0,0,0,0,0,0,0,0,0,0,0,0,0,0,0,0,0,0,0,0,0,0,0,0,0,0,0,0,0,0,2,1,81],"bins":[139,139.953125,140.90625,141.859375,142.8125,143.765625,144.71875,145.671875,146.625,147.578125,148.53125,149.484375,150.4375,151.390625,152.34375,153.296875,154.25,155.203125,156.15625,157.109375,158.0625,159.015625,159.96875,160.921875,161.875,162.828125,163.78125,164.734375,165.6875,166.640625,167.59375,168.546875,169.5,170.453125,171.40625,172.359375,173.3125,174.265625,175.21875,176.171875,177.125,178.078125,179.03125,179.984375,180.9375,181.890625,182.84375,183.796875,184.75,185.703125,186.65625,187.609375,188.5625,189.515625,190.46875,191.421875,192.375,193.328125,194.28125,195.234375,196.1875,197.140625,198.09375,199.046875,200]},"_step":2000,"epsilon":0.005,"episode":1999,"avg_loss":0.4012688587605953}