{"episode":999,"avg_loss":0.21643386471472428,"_timestamp":1.762909455371863e+09,"reward":-88,"epsilon":0.00668740560686628,"test_durations":{"values":[6,3,0,0,2,11,7,6,3,27,6,6,2,2,1,6,2,2,1,1,0,2,0,0,0,0,0,0,0,1,0,0,1,0,1,0,0,0,0,0,0,0,0,0,0,0,0,0,0,0,0,0,0,0,0,0,0,0,0,0,0,0,0,1],"bins":[62,63.515625,65.03125,66.546875,68.0625,69.578125,71.09375,72.609375,74.125,75.640625,77.15625,78.671875,80.1875,81.703125,83.21875,84.734375,86.25,87.765625,89.28125,90.796875,92.3125,93.828125,95.34375,96.859375,98.375,99.890625,101.40625,102.921875,104.4375,105.953125,107.46875,108.984375,110.5,112.015625,113.53125,115.046875,116.5625,118.078125,119.59375,121.109375,122.625,124.140625,125.65625,127.171875,128.6875,130.203125,131.71875,133.234375,134.75,136.265625,137.78125,139.296875,140.8125,142.328125,143.84375,145.359375,146.875,148.390625,149.90625,151.421875,152.9375,154.453125,155.96875,157.484375,159],"_type":"histogram"},"_step":1000,"_wandb":{"runtime":545},"_runtime":545,"duration":89}