{"avg_loss":1.7671580159664153,"reward":-493.8705983315313,"_timestamp":1.762911146833345e+09,"episode":218,"duration":200,"_wandb":{"runtime":125},"epsilon":0.5178925578858197,"_step":218,"_runtime":125}