{"_timestamp":1.762906665920807e+09,"_step":800,"epsilon":0.01,"reward":150,"episode":799,"duration":150,"avg_loss":0.07539382287068293,"_runtime":404,"test_durations":{"bins":[134,134.34375,134.6875,135.03125,135.375,135.71875,136.0625,136.40625,136.75,137.09375,137.4375,137.78125,138.125,138.46875,138.8125,139.15625,139.5,139.84375,140.1875,140.53125,140.875,141.21875,141.5625,141.90625,142.25,142.59375,142.9375,143.28125,143.625,143.96875,144.3125,144.65625,145,145.34375,145.6875,146.03125,146.375,146.71875,147.0625,147.40625,147.75,148.09375,148.4375,148.78125,149.125,149.46875,149.8125,150.15625,150.5,150.84375,151.1875,151.53125,151.875,152.21875,152.5625,152.90625,153.25,153.59375,153.9375,154.28125,154.625,154.96875,155.3125,155.65625,156],"_type":"histogram","values":[3,0,2,0,0,2,0,0,4,0,0,3,0,0,5,0,0,9,0,0,4,0,0,11,0,0,4,0,0,10,0,0,3,0,12,0,0,7,0,0,5,0,0,3,0,0,6,0,0,0,0,0,3,0,0,1,0,0,2,0,0,0,0,1]},"_wandb":{"runtime":404}}