{"_wandb":{"runtime":564},"_timestamp":1.7629103522965326e+09,"_step":1000,"reward":-79,"epsilon":0.00668740560686628,"_runtime":564,"avg_loss":0.22460303409025073,"test_durations":{"bins":[64,65.875,67.75,69.625,71.5,73.375,75.25,77.125,79,80.875,82.75,84.625,86.5,88.375,90.25,92.125,94,95.875,97.75,99.625,101.5,103.375,105.25,107.125,109,110.875,112.75,114.625,116.5,118.375,120.25,122.125,124,125.875,127.75,129.625,131.5,133.375,135.25,137.125,139,140.875,142.75,144.625,146.5,148.375,150.25,152.125,154,155.875,157.75,159.625,161.5,163.375,165.25,167.125,169,170.875,172.75,174.625,176.5,178.375,180.25,182.125,184],"_type":"histogram","values":[6,0,0,5,14,6,13,7,4,4,1,4,4,5,2,0,6,2,3,2,1,0,3,0,0,0,2,0,0,1,1,0,0,1,1,0,0,0,0,0,0,0,0,0,0,0,0,0,0,0,0,0,0,0,0,0,0,0,0,0,0,1,0,1]},"episode":999,"duration":80}