{"avg_loss":0.17566417080853436,"duration":155,"epsilon":0.00668740560686628,"_step":1000,"_timestamp":1.7629044228159988e+09,"reward":-155,"_wandb":{"runtime":563},"episode":999,"test_durations":{"_type":"histogram","values":[36,6,7,0,5,4,0,0,3,1,0,2,0,0,0,0,2,0,0,0,0,0,0,0,0,0,0,0,0,0,0,0,0,0,0,0,0,0,0,0,0,0,0,0,0,0,0,0,0,0,0,0,0,0,0,0,0,0,0,0,0,0,0,34],"bins":[114,115.34375,116.6875,118.03125,119.375,120.71875,122.0625,123.40625,124.75,126.09375,127.4375,128.78125,130.125,131.46875,132.8125,134.15625,135.5,136.84375,138.1875,139.53125,140.875,142.21875,143.5625,144.90625,146.25,147.59375,148.9375,150.28125,151.625,152.96875,154.3125,155.65625,157,158.34375,159.6875,161.03125,162.375,163.71875,165.0625,166.40625,167.75,169.09375,170.4375,171.78125,173.125,174.46875,175.8125,177.15625,178.5,179.84375,181.1875,182.53125,183.875,185.21875,186.5625,187.90625,189.25,190.59375,191.9375,193.28125,194.625,195.96875,197.3125,198.65625,200]},"_runtime":563}