{"epsilon":Infinity,"_timestamp":1.7629634952162788e+09,"_step":1291,"_wandb":{"runtime":626},"episode":1291,"_runtime":626,"reward":-200,"avg_loss":0.3287603870471139,"duration":200}