{"epsilon":0.0005427766029404454,"test_std_duration":16.42472526406454,"avg_loss":0.20116258100422688,"test_durations_histogram":{"values":[4,5,0,7,0,27,11,0,0,0,0,0,0,0,0,0,0,0,0,0,0,0,0,0,0,0,0,0,0,0,0,0,0,0,0,0,0,0,0,0,0,0,0,0,0,0,0,0,0,0,0,0,0,0,0,0,0,15,11,0,9,0,3,8],"bins":[113,113.59375,114.1875,114.78125,115.375,115.96875,116.5625,117.15625,117.75,118.34375,118.9375,119.53125,120.125,120.71875,121.3125,121.90625,122.5,123.09375,123.6875,124.28125,124.875,125.46875,126.0625,126.65625,127.25,127.84375,128.4375,129.03125,129.625,130.21875,130.8125,131.40625,132,132.59375,133.1875,133.78125,134.375,134.96875,135.5625,136.15625,136.75,137.34375,137.9375,138.53125,139.125,139.71875,140.3125,140.90625,141.5,142.09375,142.6875,143.28125,143.875,144.46875,145.0625,145.65625,146.25,146.84375,147.4375,148.03125,148.625,149.21875,149.8125,150.40625,151],"_type":"histogram"},"reward":-190,"duration":190,"_wandb":{"runtime":681},"test_avg_duration":130.78,"_runtime":681,"episode":1499,"_step":1500,"_timestamp":1.762977069398209e+09}