{"duration":500,"test_durations":{"bins":[499.5,499.515625,499.53125,499.546875,499.5625,499.578125,499.59375,499.609375,499.625,499.640625,499.65625,499.671875,499.6875,499.703125,499.71875,499.734375,499.75,499.765625,499.78125,499.796875,499.8125,499.828125,499.84375,499.859375,499.875,499.890625,499.90625,499.921875,499.9375,499.953125,499.96875,499.984375,500,500.015625,500.03125,500.046875,500.0625,500.078125,500.09375,500.109375,500.125,500.140625,500.15625,500.171875,500.1875,500.203125,500.21875,500.234375,500.25,500.265625,500.28125,500.296875,500.3125,500.328125,500.34375,500.359375,500.375,500.390625,500.40625,500.421875,500.4375,500.453125,500.46875,500.484375,500.5],"_type":"histogram","values":[0,0,0,0,0,0,0,0,0,0,0,0,0,0,0,0,0,0,0,0,0,0,0,0,0,0,0,0,0,0,0,0,100,0,0,0,0,0,0,0,0,0,0,0,0,0,0,0,0,0,0,0,0,0,0,0,0,0,0,0,0,0,0,0]},"_wandb":{"runtime":449},"_runtime":449,"episode":799,"epsilon":0.018223908064988973,"_step":800,"_timestamp":1.762908798324135e+09,"avg_loss":0.138931478302693,"reward":500}