{"avg_loss":0.2675396414574035,"_timestamp":1.7629642353217647e+09,"reward":-167,"_runtime":726,"test_durations_histogram":{"_type":"histogram","values":[17,4,1,1,0,1,2,2,1,0,2,0,0,0,0,1,0,1,0,0,0,0,0,0,0,0,0,0,1,0,0,0,0,0,0,0,1,0,0,0,1,0,0,0,0,2,0,1,0,6,4,2,2,2,2,1,0,0,1,3,1,0,0,37],"bins":[87,88.765625,90.53125,92.296875,94.0625,95.828125,97.59375,99.359375,101.125,102.890625,104.65625,106.421875,108.1875,109.953125,111.71875,113.484375,115.25,117.015625,118.78125,120.546875,122.3125,124.078125,125.84375,127.609375,129.375,131.140625,132.90625,134.671875,136.4375,138.203125,139.96875,141.734375,143.5,145.265625,147.03125,148.796875,150.5625,152.328125,154.09375,155.859375,157.625,159.390625,161.15625,162.921875,164.6875,166.453125,168.21875,169.984375,171.75,173.515625,175.28125,177.046875,178.8125,180.578125,182.34375,184.109375,185.875,187.640625,189.40625,191.171875,192.9375,194.703125,196.46875,198.234375,200]},"_wandb":{"runtime":726},"duration":167,"epsilon":0.05,"episode":1499,"test_std_duration":47.065248326127,"_step":1500,"test_avg_duration":157.68}