{"reward":20,"avg_loss":0.10807482576929033,"_runtime":388,"duration":20,"_wandb":{"runtime":388},"epsilon":0.04,"_timestamp":1.762905359835939e+09,"_step":600,"test_durations":{"_type":"histogram","values":[2,0,0,0,11,0,0,1,0,13,0,5,0,0,5,0,12,0,5,0,0,7,0,7,0,0,2,0,9,0,0,0,0,4,0,3,0,2,0,0,0,0,1,0,0,3,0,2,0,0,0,0,1,0,1,0,1,0,0,2,0,0,0,1],"bins":[19,19.421875,19.84375,20.265625,20.6875,21.109375,21.53125,21.953125,22.375,22.796875,23.21875,23.640625,24.0625,24.484375,24.90625,25.328125,25.75,26.171875,26.59375,27.015625,27.4375,27.859375,28.28125,28.703125,29.125,29.546875,29.96875,30.390625,30.8125,31.234375,31.65625,32.078125,32.5,32.921875,33.34375,33.765625,34.1875,34.609375,35.03125,35.453125,35.875,36.296875,36.71875,37.140625,37.5625,37.984375,38.40625,38.828125,39.25,39.671875,40.09375,40.515625,40.9375,41.359375,41.78125,42.203125,42.625,43.046875,43.46875,43.890625,44.3125,44.734375,45.15625,45.578125,46]},"episode":599}