{"_timestamp":1.762899410092768e+09,"avg_loss":0.3568004467631637,"reward":87,"duration":87,"_wandb":{"runtime":176},"episode":599,"_runtime":176,"epsilon":0.01,"_step":599}